id,review,sentiment
10430,фільм чудовий красивий,1
6464,чудовий фіьм,1
17150,а французька мова перекладу підлягає,0
11743,бачив стільки сильного фільму варто дивитися безумовно,1
8282,чудовий фільм рекомендую,1
4409,фільм супер інакшу могло такими акторами прикро титрів французських моментах бо запоребриковій версії озвучки присутні,1
17,із фільм хороший цікавий бойовиком назвати важко драма чудовий бред пітт маріон котіяр зіграли неперевершенно враховуючи те із грав подвійну роль герої фільму шпигуни любить триллери кінці фільму виникне питання насправді шпигунка робила своїй волі а от любить драму кінці фільму таки пустите сльозу рекомендую однозначно admin рекомендацію,1
16103,фільм справді крутий раджу,1
10631,оскільки коментар раджу подивитися фільм,1
14150,цікавий фільм рекомендую,1
6680,слабенький фільм,0
6153,улюблений фільм,1
5688,легкий ненапружний приємний жахливик,0
14687,фільм сенсом душею,1
11271,чуттєвий емоційний фільм неможливо дивитися сліз,1
8890,неймовірно зворушливий фільм,1
13414,частина крута посвоєму а кянець шикарний,1
9893,мого погляду фантастика екранізація влада забуває простий народ наслідки усього бувають катастрофічні,0
67,всі частини одному подиху хворіти круті фільми,1
13396,достойне продовження фільму,1
16104,шкода озвучка якiсна би хотiлося справдi прикро режисери зробили принаймнi добру роботу роман набагато яскравiший хвiльм,0
13375,круте продовження книгу читала фільм класний,1
11139,одна найгірших франшиз дивергент втік вівертого скопійованого лайна,0
2468,русский мир голодні ігри,0
2391,забирати дітей батьків народ бунтував одному кажеться найтупіший контроль владою населення всі часи кінематографу франшиза зібрала мільярда прокаті,0
10682,перше недолуга рецензія фільму проблема редакторів сайту а франшизи спойлери а друге капітолій контролює дистрикти іншими методами жорсткішими гра додаток котролю покарання скоєний бунт го дистрикту нагадування необхідність покори інакше іншими станеться те рекомендую уважніше дивитися фільм почитати книжки розуміння сюжету й поповнення словникового запасу українська залишає бажати кращого кінг залишив доволі позитивний відгук книжку а чогось таки варте гарного дня,0
13997,чудовий фільм проте гинули заради єкстриму рекомендую,1
12650,акторський склад мммммм а фільм сильний одному диханні,1
11327,напружений фільм особисто поділяю пристрасті такого екстриму межі смерті,0
2254,сильно нема слів,1
6481,попередня версія краща,0
4100,хай кажуть фільм хороший,1
487,неймовірно нудна цікава історія,0
9747,фільм смішний,0
654,ха ха ха ха ха жесть,0
18040,фільм шедевр,1
14748,фільм класний щей таку гру завантажив,1
7819,крутий фільм спецефекти бомба,1
7229,гі о й оскар має,0
7231,оскара має заслужено динамічний красивий легкий екшн,1
3580,уяви маю фільм зайняв кращі місця,0
4608,дивитися оригінал дубляж,0
5281,нічим відрізняються оригінал англійській мові а дубляж укаїнській,0
17477,мовою оригіналу яскравіше заодне й англійську вчиш,1
13328,зйомки межі фантастики двочасовий фільм дивишся одному подиху подвійні відчуття перегляду боку закінчилося а другого якою ціною,1
10781,просльозилась раджу перегляду,1
6765,емоційний фільм ️,1
6445,чудовий сімейний фільм раджу перегляду дітьми старше мотивує зацікавленності сейсмологією,1
5471,сподобався філм український переклад,1
5357,найкрутіших філмів бачив усім раджу переглянути скоріше шкода потраченого,1
4556,прикольний фільм,1
6482,оригінал кращий а пародія,0
2682,тупа пародія класичних мисливців привидів якби кіно презентували пародію можливо пішло людей зненавиділи обман глядача бо томість сказали класне кіно гірше оригіналу бачили класику сприйняти такого тупого бездарного несинітного й безглуздого підходу жінками замінити чоловіків тупий феміністичний хід нехай кількість відвертої тупості укладається голові режисер мав мету навмисно занизити планку бо добився рекомендую дивитися а збирається запам ятайте тупа пародія має абсолютно ніякого відношення класичних мисливців привидів а комедію другого сорту дивитися дивиться поважаючи мізки,0
753,принципі фільм й поганий говорять подивитись жарти моменти викликають усмішку варто відзначити цілком пристойні спецефекти,0
755,згоден веселе кінце можливо справа завищених очікуваннях особисто дивився із задоволенням,0
757,думаю справа бояться приймати щось нове враження старі фільми хтось забирає стосується фільму й ремейків різного роду адаптацій зустрічаю коментарі типу колись причина безпощадно критикувати нове,0
15628,гарний фільм рекомендую,1
9470,десятибальній шкалі пятірку,0
8897,сильно любимо бумбокс фільми звучить доречно кумедний фільм смішних висловів,1
6086,прикольно мінуси російськомовних персонажів поменше а взагалі обійтись кон юктурщина виглядає кепсько а відмічали саундтрек,1
4448,насміявся досхочу цікавий фільм а головне веселий правильним меседжом кінці ніхто відмовлятися новин швидше творити а давати творити,1
3736,а музичний супровід китайській а діти розмовляють корейською а пенсіонери розмовляють монгольською а сюжет максимум трійку,0
3129,фільм чудовий впевнена фільм україні триматися десятці найкращих мінімум сценаристам акторам чудовий фільм,1
2881,російськомовні ігнорують жодного коменту,0
3159,російськомовні українською пишуть свідомі маю увазі,0
2196,фільм класний аще українці невміємо кіно знімати нерозуміє сучасному українському кіно,1
2146,філь гарний знято гарно діалоги акторський склад д гарна обгортка поганого меседжу головна ідея фільму відмовитись новин небезпечно повинні орієнтуватись відбувається країні вважаю має міра перетворюватись овочів навпаки інфоголіків стільки української гарної музики невже обов язково всунути борматання вєлікарусском,1
1922,класний фільм починають вчитися знімати хооші фільми,1
1745,весела комедія підіймає настрій раджу сімейного перегляду,1
1689,брєд повний тупий фільм повністю разу смішний мамахохотала ideaproduction говорить українське мою думку варто витраченого,0
1455,ідея голлівуд чудовий смішний фільм знімати фільми а москальські фільми бухариків страждальців мєнтів доречі трішки нагадує фільм брехун брехун бачили рекомендую ідея відрізняється,1
1323,хороший фільм,1
1304,щикарно дивився відриваючись побільше таких фільмів,1
1116,клас молодці,1
970,классний фільм приємний київ прорекламували,1
904,вартісна пошляцька комедія,1
901,найкраще,1
836,гарний хвільммабуть всі лосі тайзі подохлискресла крига пройшло незалежності знялиреально чудовий ф хв ільм,1
805,чудовий фільм українське кіно вийшло новий рівень,1
792,мабудь найкраще українське кіно яке бачив,1
729,класний фільм сподобалось очікувала українців,1
502,фільм супер глівуд,1
484,веселе кіно щось думав дивитися реально прикольно,1
439,фільм чудовий женя янович красень виконує роль побільше таких фільмів українське кіно ближче іноземних чудова комедія женя янович якби фільм іншим люблю найкращий актор побільше фільмів із ним,1
438,вав фільм реально класний зроблено круто актори монтаж сюжет сподобалися актори другого плану брата актробата танчики шпіляють супер,1
419,подивився одному подиху фільм вартий уваги українців прокинулись почуття патріотизму гордості мову те гумором гаразд відзняти хороший фільм ярику котрому сподобалися жарти привіт спробуй зняти кращий раді шкода чув фільм видно слабо рекламували раджу переглянути знаєте фільм подивитися єтесь пошуках авторам,1
404,ідіоти обирали саундтрек фільм хороший новий рівень,0
399,сподобалось такийже інфоголік женя тобто головний актер комедії,1
365,легке кіно просте,1
364,картина зібровим порадувала,1
346,фільм супер,1
344,українці зробити гарний цікавий гумористичний фільм круто,1
340,трата,0
309,фільм крутий сподобався питання фільмі вказано форматі full hd знайшов те hd вмікається плеєрі функції нема мже підскажете,1
313,друже чогось допетрав,1
224,хороший сюжет розвиваємось кіноіндустрії побільше таких фільмів наших екранах,1
216,фільм чудовий усе сподобалося,1
214,українська кінематографія почала випускати власні проекти фільм класний,1
212,ідеально звуку місцями тихіше місцями голосніше задоволений побаченим,1
204,продовження,1
178,дивився трейлер фільму шоу мама хохотала,1
176,фільм хороший гра акторів чудова цікавий сюжет милозвучна українська мова рекомендую,1
147,чоткий фильмец хотілосяб продовженя,1
143,хороший фільм,1
132,класний фільм,1
128,фільм супер можем захочем,1
103,першого фільму непогано радує більшості фільм український мові рекомедую перегляду оцінка,1
78,вибачте параша повна гумор розумово вілсталих невдала розкадровка убога акторська гра українці зняли набагато достойні фільми а оце,0
79,одно квартал кіно знімають картини,1
77,гарний фільм,1
51,продовження,1
50,класний фільм,1
45,супер можем захочем,1
46,повністю згідний,1
10221,те непогане кіно й шедевр,1
10094,реально крутий фільм рекомендую,1
7122,класний фільм сподобався,1
3219,безглузде кіно початок інтригуючий цікавий роботу патологоанатому а починається якийсь маразм й відповіді й дадуть кінці фільму тобто фільм розфарбовка додумай фільма поставив а кінець фільму мабуть мислячим людям кіно протипоказане любителям беззмістовних ужастиків,0
15252,дивовижне кіно справило враження шанувальник мюзиклів,1
13711,найкраще дивився останній,1
8648,чудовий фільм радісний сумний хотілося фільмі би титри пісень англомовні розуміти пісні,1
5284,фільм кажуть попав проревіла цілий пустила сльозу а ревіла підвивала обов язковий перегляду одна найкращих драм бачила,1
3063,перегляду відчуваю щось кшталт радісно сумно радісно,0
13978,да кріда ніщо,0
11525,емоційний фільм важкий водночас повчальний побоюсь слова стрічка стане кінокласикою,1
7582,фільм топових бокс,1
5404,класний фільм,1
2689,хороший фільм рекомендую перегляду,1
16121,рекомендовано перегляду фільм пустий спойлер думки перегляду от же мала мразота жили нормально деякі псують оточуючим,1
847,важка кінострічка сильно емоційна,0
15198,роблять спецслужби против суспільства народам брешуть жили багатії варто подивитися зробити висновки режисеру балів,1
12635,толкове динамчне кно костнер красавчик гляньте пожалкуете,1
6209,здався нудним фільм кожного різні вподобання,0
5385,раджу нормальним людям,1
41,а мокши дубляж а українською,0
27,із фільм вартий уваги костнер зіграв достойно,1
18110,загалом книга сподобалася значно фільм актори зіграли дость єдине взагалі зрозуміла нью йорк манхетен книзі згадувалось всі події відбувались лондоні вітні,0
13905,книга сподобалася,0
11537,фільм прекрасний таких бачив,1
9135,знаю чим змусити задуматися кіно вбивця здогадався жорстоке кіно люблю чорнуху логічні незрозумілі спогади головної героїні спогадах мала мінятися місцями своїм чоловіком дебільно виглядає поліція рейчел головною підозрюваною допитують те ув язнюють книжку читав кинув думав кіно враження справить,0
11536,ясно зрозуміло спогади уважніше дивитись фільм,0
7790,фільм змушує думати улюблених чудовий сюжет гра акторів неочікувана розв язка,1
6150,фільм супер улюблених,1
4142,класний фільм акторка зіграла суперово переклад гарний сюжет книзі,1
84,можу зрозуміти фільма низький рейтинг захваті емілі блант дівчини потязі акторка сучасному кіно,1
6149,imdb показник подивись топі якийсь второрозрядний шлак,0
17109,жахливий переклад точніше переклад а виконавці,0
1003,суворий фільм тяжкий фільм стаждання й муки христа вражає,0
17589,вистачає мотивації перегляньте фільм,1
17162,дуууже крутий фільм актори постановка супер усім рекомендую,1
16719,класний фільм перегляду душі відчуття справедливості перемоги людяності мудрості упередженостями рекомендую,1
13281,америка наса а досі окремі туалети чорношкірих якийсь південь наса мають вірити чорних хвороби передається сечу невже наса роки можу повірити,0
10612,фільм шикарний перекладав назву figures цифри фільм повинна перекладатися назва приховані цифри,1
11006,гра слів оригіналі перекладі складнощі такими речами,0
6753,фільм подивитись обов язково перемога людського розуму упередженням цілеспрямованіть завзятість вистачає вік соцмереж можливість здатність витиснути наявних умов можливе кажуть американці доля підсовує лимона робіть лимонад colored computers неймовірно середина двадцятого сторіччя обов язковий перегляду,1
6438,крутий фільм говорити згадувати лишаються закромах пам яті а золотих поличках,1
3019,класний фільм рекомендую,1
1487,крутий фільм сподівався кіно американців їхню цивілізацію часів перших польотів космос американці праві думає щось справжньому велике видатне свідомості місця такій дурні расова сегрегаці дискримінація статевим сексуальним ознакам круте веселе кіно правильним змістом,1
227,чудовий фільм боротьба афроамериканців рівність охоплювала одну сферу суспільного цікаво подивитись шлях сфері науки,1
12833,фільм знятий жахливо головні персонажі абсолютно розкриті ленгдон виглядає загублене цуценя якому постійно кажуть іти робити прочитання книжки сюжет незрозумілий книжка шедевр а фільм вартий уваги,0
10330,фільм шикарний,1
163,прохання адміністраторів замінити російський відеоряд український англійський,0
166,відеоряд замінено приємного перегляду,1
167,вельми вдячний,1
10227,капець рідкісна мура,0
8651,класний фільм режисер рідлі скот супер мет деймон зіграв раджу,1
7795,захопливий фільм,1
7736,цікавий фільм проблеми вирішення,1
7086,побачив фільм прочитав книждку друге почитав книжку розглядав книга мотивації а фантастика фільм супер а книга взагалі бомба,1
4736,фільм супер бомба,1
4088,збирався подивитись переглянув вдруге фільм неймовірно надихає раджу дивитись,1
3912,вартий перегляду бо багатьом причинам суто рідкість таких фільмів фільмів марс рідлі скот показав чудову картину оператор дивує пейзажами хромокею актори чудові мет деймон зігра погано а нормально дума вистачить отож раджу перегляду любить космос фільми виживання хороші заїжджені історії,1
1596,фільм бомба,1
8580,хороше кіно основане реальних подіях чимось нагадало вогнеборців,1
17854,примітивні соплі зеленого юнацтва,0
6869,нудота блювати перегляду фільму хочеться,0
5820,туфта даремна трата,0
4667,простенький фільм підлітків,0
8006,потужний фільм природу чим подумати змінити щось неможливо техногеніка незворушно крокує еволюціонує максимум людство зробить побудує великі зоологічні парки егоїстичної власної втіхи відпочинку,1
5518,погоджуюся попередніми коментарями найкраще траплялося повнометражних картин знятий природньо пафосу завантажили сюди,1
4526,чесно краща документалка дику природу яку колись бачив,1
125,думала таким задоволенням дивитимусь документальний фільм рекомендуватиму іншим,1
2036,пристойне продовження атмосферна картина,1
18089,критий фільм гемсворд грає роль,1
17802,обожнюю всі фільми marvel,1
4229,класне кіно,1
6219,фігня марвелівське лайно,0
6773,друже а удостоєний честі кінокритиком слід вимазувати іншим враження фільму такими слизькими некомпетентними висовлюваннями зарубай носі марвел обширний кіновсесвіт якому заулчено сотні видатних працівників диванному генералу судити якість фільму сидячи дупі,0
5561,купа кіногріхів пробував таки якось зрозуміти перегляди фільму допомогли звісно супергеройский блокбастер взялись пояснювати доведіть пуття зміг кишені тримати тонний танк вдаватись дрібниці фільм класний вартий перегляду,0
5296,класний фільм жду гу частину,1
307,фільм чудовий сюжет цікавий актори шикарні ідея щось нове кіноматографі фільм змішує комедію екшен фильм відрізняється супергеройських фільмів marvel прикрасний фільм приніс кіновсесвіт marvel якусь легкість свіжість рекомендую,1
16382,шикарний фільм,1
13992,зворушливий фільм жалкую подивився,1
12325,чудовий фільм незнаю відкладала перегляд,1
11084,добрий зворушливий фільм залишає приємний післясмак,1
4850,фільм класний перегляд одному диханні радість сльози водночас достойний перегляду,1
1955,фільм неперевершений пройняло глибини душі омар сі чудовий актор,1
668,фільм залишив частинку кіно хороше,1
499,хороше кіно,1
9313,а сподобався загальний опис точку круті,1
7418,чесно дивилась фільми вашому сайті такого бездарного висловлення анотації стало бридко фільму а маєте права загальному описі впарювати людям те думаєте назбирайте грошей оберіть акторів свій фільм побачимо оберете знайдуться вибір одобрить а думаю режисери знають підійде роль людям набридло дивитись ідеальних бездарних барбі екранах захотілось чогось нового простого а загалу прочитайте спершу книгу перш обсирати історію можливо фільм вийшов книга історія чудова бачу вмієте екран дививитись тупіти а читати речі касові збори фільму надзвичайно високі памятаю прокаті довше місяця місця постійно забиті всі триндять фільм гавно вульгарщина дивитись збираються бачили чомусь кіно гроші витрачали можете нормально обговорювати сприймати тему сексу визнаєте кожного бажання раджу піти психолога напевно секс рідко місіонерській позі а розумні чоловіки взяли замітку те жінок яким сподобався тип чоловіка крістіан грей слабкі чоловіки яким хочеться підкорятись жінка фігня такого хотіла хотіла цій ролі бачить удачі,0
9101,дурні відмазки стилі зніміть а критикуйте автори сайту написали думку щодо фільму можливо зекономивши людям збирались подивитись фільм завдячуючи наскільки рекламувався фільм маси автори обісрали історію фільму а книги ніхто заперечував книга хорошою вкотре сказали екранізація бездарна звинувачення невміння говорити секс взагалі стилі річної дитини яку образили а намагається відповідь щось схоже ніяк виходить жінок яким сподобався тип чоловіка крістіан грей слабкі чоловіки яким хочеться підкорятись мільярдером а наприклад звичайним менеджером середнього класу припускаю фільм книга мали такого успіху наполегливо заявляєте історія аргументи вигляді узагальнення жінок чоловіків недоречні доводять те анотація залишена авторами сайту швидше образила мрії власного крістіана грея,0
6138,шановний рецензенту фільм можливо згоден нав язувати власну думку варто,0
4766,продовження надзвичайно нудної історії збоченців зроблена збоченцями головні ролі взяли бездарних збочених дітей вишенька торті акторка дакота джонсон страшна бездарна автор опису розумна слово істина вперше бачу чесний опис фільму браво,0
3205,благаю дивіться прочитайте дивітися фільмі передано десятої частини суті книги переживань героїні сенсу таких стосунків пошкодуйте прочитайте одну книгу серії справді варта уваги історія рекомендую людям яким вогник пристрасті стосунках згасає,0
2430,блін краща анотація кіносайті яку колись читав поржав душі першого абзацу приємно знаєш редактори сайту вистьобують подібне кхххем кіно,1
9099,якби комент пропустив шедевр першому абзаці анотації uafilm топ,1
2428,можете казати фільм завгодно впевнений хотів би пережити події відбуваються фільмі реальному житті,1
2431,знайти мільярдера ременем сраці відлупцює,1
9098,ахахах,1
1760,господи вкотре дивлюсь фільм набридає чекаю нової частини відтінків свободи,1
1711,фільм кращий першу частину однозначно гарні краєвиди музичний ряд головний герой нудний перегляді ложка дьогтю головна героїня надто ніяка узагальнюючи вищесказане перегляду рекомендую,1
1588,фільм чедесний,1
1589,ой тобто чудесний,1
237,рецензія люкс абзац згідна сто,1
238,нема правди діти фільм відстій,0
17751,наполегливо рекомендую том генкс висоті особисто зачепило різному побачили капітані одні героя дочекавшись висновків суду навішали ярлик злочінця,1
5462,неймовірна історія порятунку клінту томузику задіяним відображенні події коректний дубляж,1
4617,гарний фільм,1
1950,класне кіно сильне реально чіпляє геройський вчинок майсрність саллі вражає вражає працює бюрократична система сша можеш тричі народним героєм усі соки вижмуть чомусь підозрюють би зрада піднялася страшно уявити влада переслідує героїв д п фільму усім раджу сильна драма,1
15248,маленький актор лисий грає пістолі головне,0
11570,гарний фільм професійно зроблений дубляж,1
9672,фільм супер перша частина із,1
16464,додали фільм збірку фільми супергероїв,0
7290,жахливий дубляж,0
6769,всі супермена пісюни бувби край фільм цільм сподобавсь,1
1498,найгірших фільмів,1
98,варіант завантажувати відео вбудованими субтитрами місцях перекладу,0
100,релізу жорсткими субтитрами наявності театральною розширеною версією вирішено завантажити розширену дивлячись відсутність перекладу,0
10917,варіант би англійскій знать му столітті,0
93,увімкнути субтитри місць прекладу,0
95,жаль ніяк надіємось знання англійської,0
97,сподіваємося,1
18116,балів можливо сподобається,0
11330,фільм заслуговує перегляд професійно провалів претензій вишуканність цільова аудіторія любителі героїчної фанттастики фентезі рамки жанру витримано бездоганно режисура акторська гра відеоряд спецефекти якісне бажаю задоволення перегляду,1
6258,фільм класний а от перекладом лажа деінде зникає,1
5435,одноразовий фільмець вийшов брат відьми круто продуманий а от палій мексиканець перевтіленні смішний вийшов уилл смітт взагалі знаю забув марго лєто круто відіграли таку харизматичну гру великий кінець,0
5325,чотка кіно актори супер всі раджу подивитися,1
5058,крутий фільм круті актори круті саундтреки реально заряджає харлі,1
1406,крутіше марвелівських коміксів якось стильніше щоіз міріади переглянутих фільмів запам ятався досі тримає,1
13878,неперевершенно захоплююче захваті фільму подарунок передивлявся цікаво адмірал принцеса лея зберіглися го го,1
16599,графон,0
13551,найкраща частина усіх мультяшний всі частини а серйозний драматичний фільм війну самопожертву різних людей заради спільної високої мети,1
9463,недумав зоряні війни зможуть викликати глибокі почуття чястина шедевр перегляду розуміеш якою непомірною ціною обійшлася нова надія повстанцям переглядом сподівався побачити провал стрічки пробудження сили натомість побачив диво,1
5502,єдиний фільм зв якому кіно вдало розумію лукаса казка зло добро подібне розбавлення франшизи необхідне останній якісний фільм лінійки далекої галактики справжньому епічний фінал франшизи бо останніх джедаїв соло якось хочеться відсторонити лінійки радий частину потрапив кіно звісно присутні сценарні недоліки якось звертати уваги найкращий візуал усіх частин віриш персонажам нема тупих діалогів сюжету кінець думати думати кожного особисте,1
2311,найкращий фільм із серіалу виявляється фантастика серйозним кіно рекомендую перегляду,1
1825,зоряні війни почнуть знімати індуси перестану дивитись нові серії кайфую,1
959,ха штурмовики й промахуються,0
686,усієі серіі найкращий,1
18120,рей дочкою люка скайуокера змініть ласка опис,0
5921,справді дивна назва новий порядок доволі символічно звучить щось нагадує щось захоплює владу руїнах імперії,0
5340,а має української версії фильму p s ярому фанату зв сподобався,1
8956,найгірша частина саги,0
15384,крута частинаросомаха неймовірний,1
2015,термінатор матриця штучний інтелект цій пародії сприймається скоріше божевільний примітив робот інтелекті грошей втюхали ідея пристойна актори грають якісно джарвіс усіх інтелекуалів побідив,1
38,місцями затягнуті деякі сцени цілому фільм сподобався останнім часом фільмах marvel дивитися титри кінця,1
12433,останнім а кожному фільмі марвел одна закадрова сцена а деяких подивитесь залізна побачите планували зібрати месників,0
13156,варто дивитись,1
5363,посередній сюжет стверджую перегляду фільму ставлю гумор гарну гру вілла сміта,0
1405,гарна розвага вечір,1
1030,класне кіно,1
16772,фільм чудовий легкий елементами комедії гарні враження перегляду,1
17839,а пригадуєте сферу приблизно відчуття кіно телепортує роздуми й фантазії дитинства думаю пошкодуєте переглянули,1
14106,те казав жак фреско єдина мова,0
6969,сильне глибоке загалом чудове кіно варте перегляду сюжет можливо динамічний фільм тримає напруженні кінця,1
6365,неймовірно захоплення,1
3961,сильно кіно вміє мислити екшн гадає звичайний фільм воюють прибульцями землю точно варто дивитися кіно збагнете а заснете дочекавшись екшену фільм відкриває нове розуміння прибульці тупі тварини яким територія ресурси людські жінки спарювання а розвиненими й спільного звіриним бажанням щось захоплювати привласнювати фільм чудовий бачу ставлять дизлайки хочеться подивитися недоумків звісно залишать комента бо зможуть обгрунтувати сподобалось,1
11302,чергові пихаті коментарі обожнюю вміє мислити відрізняються тварин зовнішністю а й здатні мислити опустіться землю панове землю,0
12560,переглядаєте пересічні коментарі абсолютно права жаль купа користувачів сайту вміє якісно чітко виражати думку взагалі враження їхнє мислення атрофоване отож кажіть небо землю впевніться правильності слів а висловлюйтесь,0
3744,надзвичайно глибокий розумінні фільм рекомендую,1
763,невігласам дивитися,0
742,надзвичайно ніжний фільм рада натрапила,1
10525,важкий фільм перегляду залишився неприємний осад,0
5898,фільм цікавий докінця переживання героїв противний сюжет батька психопата збоченця скажу фільм жахів дивитися набагато легше ногу ковдри страшно витягнути гидоту змішались релігія розпуста інцест жорстокість тупа самопожертва брррр огиднішого доводилось дивитись,0
8199,те реальне принципі річ складніша якийсь вигаданий жахістик,0
4621,фільм окрім язикої щей безмізку бабу,0
8200,тупість темні безправні жінок часи жінка замовчуванням винна смертних гріхах спротив прояв самоповаги мудрості рішучості змін ставленні суспільстві,1
8957,перших трьох частин дотягує,0
2909,да сибір всій красі кіно школярів цікавих локацій сценарій трійку стрічку витягує легендарний джекі оцінка фільму стрічок джекі чана,0
6850,фільм абсолютно негодиться перегляду неподобається хоть фільм патріотичний думаю сюжет би кращий придумав чим хоть цій сфері поняття немаю позор,0
2361,позитивно почали знімати патріотичні фільми чогось бракуе нашому кінематографу режисура подібна lt тіні забутих предків gt робить фільм важким протязі перегляду задумано хотіла передивлятись діяльність анни розвідницьку яку участь брала військових операція нема натомість ій надають роль якогось пророка попри раджу дивитися історія героям сллава,1
13942,от от хотів згадати тіні усе ніяк позбутися шаблонів поетичного кіно містичних образів напливів камери ін минув разу увійти воду продовжувати сидіти поспіль,0
1842,самий тупий фільм бачила витрачайте свій,0
454,криївці радіолла шо реально,1
13943,реально радіо працювало анодній батареї радіола а приймач,1
266,дивилися захватом наче читали історію упа бо східняками поповнювали пробіли шкільній програмі самостійно відображено подій героїв часів кінематографі вражаюча постать ганни михайлівни попович пройшла пекло підвалів мгб таборів втратила руку зламалася прожила довге змістовне одна багатьох вартих уваги відображення українському кінематографі вражають сучасні документальні фільми упівців пережили тортури табори мають дев яносто зберегли міцний дух розум незламні переконання й неабияке здоров живі свідки подій доносять правду нащадків,1
263,народ забуває минуле приречений майбутнього пам ятати виродки прийшли нашу землю катували довбуша борців волю україни вбивали гвалтували сьогоднішній незалежній україні горить ногами земля а навпаки отримують персональні пенсії пільги шану ветерани війни подвійні стандарти породили театр абсурду якому живемо часі докорінно змінити підхід українців толератності почати називати речі своїми іменами приймати справедливі рішення ворогів шанувати пам ять героїв,0
152,чудовий фільм побільше таких,1
133,має таких фільмів зрозуміли обставини змусили створити партизанську війну упа авторам,1
34,почали знімати кіно героїв минулого відродимо історичну пам ять відродимо україну,1
17883,актори висоті схоже театральну постановку,1
16344,шикарно фільм злодіїв драматичної історії минулого сижу сміюся дивилася нервах фільм подобається жоден персонаж хи хи коротко зрозумів фільм те паскуда отримала,1
10815,люблю фільми тарантіно цікава історія усі сценарії прото затягнуто години розумію пішло мільйони бюджету загалом рекомендую,1
9794,крутий фільм обов язковий перегляду,1
8811,бомба якесь похвальне слово вислів слів бракує чудесний рідкісний фільм шедевр своєрідний перегляду рекомендую,1
8672,бомба,1
8098,фільм шедевр діалоги тарантіно неймовірні,1
7034,взагалі фільм балаканина безглузда додивився півфільма зміг,0
7036,хтось балаканина тарантіно цікава десь плаче біг кахуна бургер eng big kahuna burger,0
8812,дивились фільм звуку фільм,0
6012,бездоганна неперевершена робота майстрів височенного класу людей талановитих втілюючих персонажей присмаком ріднесенького частинкою такого цікавого своєму сусідського гумору а михайло кришталь джо гейдж майкл медсон смакота,1
1513,чудова озвучка,1
719,блін переклад українській мові шикарний,1
725,згоден всі сто друже,1
8792,ремарочка дорозі мові образ озвучка українська українською мовою,0
4799,поганий кінчик двобої показані справді,0
162,сильно,1
32,шедевр найкраща спортивна драма останніх,1
14059,кіно хороше ніяк тулити історичних,0
15636,неймовірний фільм неймовірна історія,1
9019,те шукав плакав,1
7219,шикарний фільм надихає задуматися цінностями шануйте бережіть родину,1
5492,фільм вразив глибини душі настільки вдало поєднано емоції говорять перегляду почала цінувати батьків,1
5203,кажуть кожного вистачить сентиментів реально класна картина режисура актори сюжет музичне оформлення окремий діючий персонаж раджу переглягути,0
3421,гарний фільм,1
3251,хороший фільм рекомендую,1
2421,хороший фільм жахів сюжет продуманий можливо й присутня нотка бального захоплюючий фільм рекомендую,1
1792,самий звичайни класичний ужастік століття кута вискакує химера видає різки неприємний звук нагнітаючу музику сценарій продуманий цікавий цікаво дивитися загальному й погано кращих фільмів жахів бачив останні декілька оцінка кінцець,0
17745,фільм супер поглянути,0
1183,переглянувши фільм чомусь одразу згадала синійкит печально насправді закінчується кіно,0
6147,депрессивний додивився,0
16090,фільм начепто непоганий правда звук недуже,0
6265,перша частина органічною тему й логічно а цій частині ляп ляпі вирішили скопіювати другу частину підправивши лінії персонажів додавши нової зайвої маячні результаті сценарію збігається дивитися неможливо діалоги персонажів взагалі мовчу взагалі мовчали й роботи виконували те написали сценаристи підсумку екшн знято непогано й дивився першу частину приємно згадати побачити сталося а от полюбляє логіку фантастиці жахіття хтось взяв одну ваших улюблених стрічок й спотворив невпізнаності p s тупість прибульців першому контакті першому фільмі зрозуміла типу знають обезбашені й розраховували повторюють помилки вдруге виникає резонне питання а має розум внеземна цивілізація вчиться помилках й двічі наступає граблі,0
6216,д супер абсурдів частина жанру,1
16113,класний фільмне напрягає мозок вечір красиві актори,1
12077,марна трата грошей фільм нецікавий враження аматори знімали купа якісних спецеектів а режисура івно,0
5210,пречудовий фільм однозначно вартий перегляду,1
9703,фільм непоганий менш динамічний перша частина набагато менш страшний,0
5948,годиннику ночі віктом гроза дома обожнюю фільми жахів вважаю важко налякати пробачте випадку додивився фільм змушений дивитися якусь комедію бо можу заснути дивився рекомендую,1
2111,страшний цікавий,1
750,пройдистів суперовий дубляж комедія навіка,0
8718,файно смішно має,1
1349,перші частини набагато смішніші,0
17446,фільм повний абсурду кліше кліше,0
6215,фільмець супер,1
6206,шлак дітей норм,0
1794,серйозно фільм круто бачити черепашок межами d мультика мультики кращі частини попрацювали пофіксили деякі кіноляпи всерівно от скажіть здорова черепашка розміром людини пролазить вузький люк от фільм сирий жалію потртив думаю комусь обовязково сподобався особисто думка,0
1348,знімали,0
4292,хейтери понарозводились,0
10979,цікавий фільм ідея нова,1
9732,хороший фільм страшним задумка крута,1
6709,фільм супер перебільшення головний герой зіграв супер свій вік фільмі кімната зіграв,1
17027,гірко дивитися колорит,0
8901,сподобалось,1
7331,круте кіно щось цій глибинці справжньому українському колориті,1
16248,чуттєвий фільм неймовірними акторами переглядаю а надивитися ніяк можу p s й книжка фільм крутецький,1
10816,книги фільм взагалі ніяк крутих моментів включили взагалі посил дивитися фільм драма цілком згодиться дуууууже фільмів зняті точнісінько текстом книги а дарма,0
10152,фільм неймовірний,1
8137,пам ятаю гидко книги пам ятаю захвату насправді дивно жодна засудила авторку те сенс вклала свій твір те підтекст прочитали справді хворий фільм гарний актори ніхто задумався глибший сенс поверхні зрозуміла страшне розчарування а лу лу справді надто чудова персонаж обожнюю нестями,0
7460,книга сумніву краща фільм емоційним плачу ️,0
6553,боже книжці зворушлива історія стільки тем порушується легке бабське чтиво проблема вибору страх вийти із зони комфорту комплекси ревнощі самолюбність повага вибору ставлення суспільства людей особливими потребами сімейна драма проблематичність пересування робити своїм життям окрім сидіти вдома фільм взагалі дає й й враження лу вілла лізе зраджує своєму хлопцеві й короте читайте,0
7332,спершу читала емоції передає книга згідна,0
5427,лежу реву,1
5186,блін крутецьке кіно дивився малою ледь стримував сльози радості вирішив написати відгук всій моїй нелюбові емілії кларк фільм чудовий гумор драма романтика клас,1
10146,нелюбові емілії кларк шо знати хочу підходь руки подавай зрадник емілію кларк любить самозакоханий егоїст,0
5103,фільм неймовірний,1
5061,фільм класний кінцівка засмутила,1
4927,фільм неймовірний усім раджу подивитися,1
4857,неймовірний фільм кінець неможливо передати словами,1
4806,подивилась сумно,0
4649,останнього сподівалася передумає,0
1005,простий фыльм приємна гра наївної дівчачої героїні хоче усе позитивістка довелося зустріти й покохати людину хоче жити важко відпустити людину яку кохаєш,0
8474,ем оптимістка,1
10309,відпустити таку людину надзвичайно важко сумуватимеш вистачатиме пройдуть роки бачитимеш пам ятатимеш усмішку,1
343,розізлив вілл егоістичний сноб думає яке любив понад усе думає близьких людей,0
2439,згодна старавсь усіх сил небуде розуміє хоче мучити близьких піти страждати болю бажань силах зробити дууууже важко жити змоги обійняти когось згодна віллом існувати обтяжувати близьких хочеться нікому батько молодец розуміє боляче фізично морально психічно син мучить,1
6554,розчарую книжці взагалі старався вибір вмотивований почитайте,0
9506,некий погатий фільм низька оцінка звісно дагато абсурдних нелогічних ситуацій всеж,1
8092,фільм любітєля режисери сценаристи спаскудили читайте стівен_кінг зона_покриття,0
2467,сюжет фільму кінксман,0
928,читала книгу подивилася фільм чесно кажучи фільм сподобався взагалі намудрили моментів пропущено впливають розгорнення сюжета раджу дивитись цікаво легко читання,0
9,додайте анонси фільмів,0
10,трішки терпіння,0
18008,народ павук забрав шит кепа павук повернення додому фільм зроблиний а павук повернення додому пасхалка людини павука,0
16787,бомбезний фільм заруби месниками друзями цікавіші їхнє спільне протистояння поганців плюс показано міжособистісних моментів підкреслюють людяність героїв сенсі їхні чисто людські риси історичних відсилань минуле героїв повнішого розуміння глибини конфліктів а важливо подальшого сприйтяття команди месників майбутніх подій взагалі рекомендую фільм перегляду слідкує хронологією marvel а хоче переглянути хороший блокбастер із захоплюючими бійками,1
11148,фільм шикарний бляха убогі стогнуть месники погані вбивають д невже розуміють якби месники землею би керував локі би знищенна альтроном,1
16070,локі цілком згоден а от альтрон справа якби старк бенером альтрона руйнувань,0
6558,о доведеться доведеться нести ремонт говорить совість давненько розмовляли ору мураха стає гігантом павук йосип драний мураха йохохохо крихітний збільшився збільшився блін офігенно топ фільм,1
4492,страааашенно сподобалось українську незрозуміло субтитрів звучала пацакська,1
8148,зімбабську фрицевську субтитрів помітив чіпляє расейська а фріцами гаком лади об єктивним фільм йосип драний,0
12369,фільм позитивний цікавий рекомендую,1
8100,хороший смішний фільм вартий перегляду,1
1401,кіно достобіса вульгарне банальне наречений витягує дивитись загалом,0
339,пторібно дивитися українській мові доречі скажу згідний рахунок перекладачі чудові озвучка слова хотя усі загальному плані чудовий фільм чодному харизматичному виконанні,1
153,кумедний кінчик джеймс франко якій ролі харош,1
18,із цікава смішна комедія практично фільму почати ржати,1
8,перекладачі найкращі починав дивитись комедію російською думав повний відстій українському перекладі реально смішний фільм,1
15556,якийсь момент почнеться чистий сюр бо непевне важко передбачити відбувається бік рухається сюжет фільм крутий красивий раджу втомився шаблонного голівудського кіно затертих сюжетів,1
28,із том генкс висоті трішки комічна роль фільм грані фолу динамічний цікаво знятий рекомендую,1
17332,досконалості нема меж слава україні слава нації,1
13648,сподобався фільм залишає теплий післясмак рекомендую,1
12672,супер відмінний байопік думав щось документальне а виявилось повноцінне художнє кіно пеле усім любить спортивні драми рекомендую,1
15557,хороший фільм,1
6579,текст дибільному написаний слава нашим перекладачам,0
17161,почався закінчився фільм зібрав очікувану касу яку покладали надії боси юніверсалу кіно вийшло смаку родзинки подивився забув масштабів володара кілець вдалося наблизитися знаєте одна річ яку пам ятаю досі саундтрек головна тема епічна викликає мурашки шкірі єдине хороше враження яке лишило екранізація варкрафту,0
15368,шанувальників хай фентезі рекомедую,1
15369,рекомендую шанувальникам високого фентезі,1
12381,вдало скомбійнували мультики фільмом дивитися робити висновки балів,1
10246,зачепило сюжет прстий вдалий актори висоті ефекти якісні особливої кривавої бійні,1
8132,очікував цікаво бо іграх знімають всяку лажу вийшла доволі непогана фентезі казка подобі володаря кільця,1
6060,норммальний фільм сподобавсячекаю продовження,1
5274,супер сайт супер адміни супер фільм,1
4564,цікавий фільм,1
1591,фільм хороший дивились сином сподобалось клас терон висоті,1
17898,чудовий фільм гарного сімейного перегляду вірте дива стануться,1
16452,чудове кіно захваті,1
4904,кіно момент зустрічі дочками веселий й усе,0
12326,фільм хороший хороший проте книга довподоби,1
6394,фільм класний емма дівчина вогонь а оливка лекша повітря оливка маленька трошки кінець норм,0
12323,щось впетрав й гайда книжці шукати думав неуважно читав таки читав закрутили,0
2964,дочитала книгу проте фільм дууууже сподобався забрали книги змінилася якби могла оцінити фільм поставила зірок емоції зашкалюють,1
1179,ци згоден оригінал тобто книга краща фільму фільмі перекрутили вміння героїв змінили закінчення проте історії оригінальна шанувальникам цікавого фентезі раджу,0
1075,оригінал тобто книга краща фільму фільмі перекрутили вміння героїв змінили закінчення проте історії оригінальна шанувальникам цікавого фентезі раджу,0
486,чудова історія,1
23,із вроді казка фентезі гарно мило просякнуте добром складається враження реальне існування такого місця всі дивні незвичайні одночасно рідні дружні єва грін родилась даної ролі режисеру карму,1
15282,фільм сподобався раджу цікавий сюжет красиві сцени непоганий гумор,1
13100,фільм чудовий позитивний,1
5215,видовищний екшн наповнений гумором дружба кохання самовідданість передивлявся неодноразово рекрмоендую,1
3751,топ фільм топ раджу подивитися,1
17102,полюбляю треш комедію трешова треш комедія розумію фільми сподобатися настільки лайно відомо дивиться звик таких комедіях твориться несусвітня хірня переборщили наприклад нелогічна поведінка героїв телепортації герої одній локації говорили бах всьо іншій локації а сцени герої закохалися послали контракт опять любов розсталися опять любов ватафака мазафака єдиним приємним фактом моменти висміювання книги відтінків сірого деяких акторів фільмів відрізки усміхався взагалі вибір деградувати житті дивитися картину,0
15956,люблю фільми,1
12403,ржачний фільм гумор душі особисто обожнюю фільми марлона уейнса,1
11583,осилив хв,0
10371,цілком несправедливі настільки ржачний трешак явилося абсолютно збочене бажання подвивитися оригінал тобто повний відстій назвою відтінків сірого,1
5962,потужний фільм чесний солдати зрозуміють рафіновані міщани навряд,1
5641,фільм поганий виглядає емоційно залишає байдужим показали одночасно віру бога силу волі головному герою нелегко довелося знав йде заради нехай воював героєм,1
5346,примітивний трешак,0
3612,фільм видався слабим обмеженим слаба режисура хотів би уникнути порівнянь паралелей згадайте рятуючи рядового раяна скаже фільм гірший відчуття плавності зміни подій локації щодо локацій перегляду складається враження дивишся якийсь серіал якось усе рвано наче уривками героїзм трагічність заслуговують уваги органічності чиста гра камеру видно подивитись фільм скласти враження,0
2046,кіношедевр,1
25,із гарфілд молодчинка роль влився гарно фільм вартий уваги гарно знятий реалістично щов дивина найбільши сподобалось гарно чітко показали витримку силу волі людини рекомендую,1
30,гарфілда доповнювали тереза палмер сем уортінгтон вінс вон хьюго уйвінгом склад підібрався надзвичайно сильний безумовно пішло плюс картині а щодо мела гібсона режисерській кар єрі взагалі жодного схожого ідентичного фільму всі різну тематику кардинально відрізняються міркувань совісті плані якимось винятком фільмом проведена величезна робота гібсон надихнувся реальною історією десмонда досса виклався повній,1
14558,чудовий фільм позитивний драйвовий веселий гарного настрою те,1
1058,фільмі стільки роялів кущах вистачило цілий оркестр а цілому непоганий,0
11318,веселий дивитися,0
10347,нормальний фільм дивитися,0
9089,фільм цікавий веселий відключити мозок дивитися починаєш думати діями героїв виникає питання взагалі компанія існувати такими працівниками керівниками,1
4635,нууу такево еністон кумедна адаптована озвучка врятували комедію й фона,0
10901,фільм супер дивіться пожалієте чим посміятись настрій,1
35,прикольний фільм українській мові російський супровід,1
4405,розберемо темам мінуси режисура нема рівноваги виділенню минуле майбутнє фільм суті йде хв анріал показати шарити фільмі вбіса твориться суті головний недолік впливає решту плавність знятих кадрів бійками якби реальності намахувалися клинком встиг пожрати посрати поспати нема розкриття персонажа пофігу гг фільма пофігу гг кінці фільма розкрийте стати ассасіном хвилин перебування анімусі сюжет нагадую канонічний фільм завдяки нашим улюбленим юбісофт серія ігор ac язані фільмом лисого гг розуміє іспанську мову анімус господи боже адаптує мову якою розмовляли предки гг мови якою розмовляє гг нафіг потрібна зброя перебувати анімусі злита кінцівка спойлерити зрозумієте плюси хороша гра акторів ключове слово хороша погано відмітився майкл фасбендер гарно зіграв сюжет мислити глобально нормальний вище переказані мінуси мішають реалізації добвані хвилин фільму ахх згорю операторська робота висоті плані красивих кадрів пейзажами мадрид го століття сучасності показаний гарно сподобалась погоня конях якби пару кадрів взагалі ідеальна,0
3636,фільм із гарна задумка фільмі гра акторвів,1
1645,kex події фільмі відбуваються подій гри а грі пристутні спогади сучастність дивні апарати фільмі показати необхідно фільму очікував більшого із,0
19,із спецефекти нормально гра акторів нормально перегляд трошки знудив скажу очікував набагато більшого фільму забрали фантастики якісь спогади якась машина типу повертає минуле путанини режисеру зняти фільм асасинів фільм мав би часи століття сучасності дивних апаратів п кадри фільму герої поринаються століття набагато цікавіші кадри якоїсь таємної лаборатторії фільм перегляд рекомендую думок всі різні,1
4381,пройди хоть одну частину гри зрозумієш яку маячню написав,0
10949,фанат ак скажу якраз проблема фільму має проходити гру зрозуміти концепцію задуму нажаль фільм розкрив шкода зняти цікаву серію стрічок,0
14184,фанат ак напишу мав увазі маючню рахунок забрати наукову фантастику фільму чорт забирай те взагалі побудований всесвіт ак твоєму маячня,0
13616,чудовій фільм сподобавсь,1
15826,жах всі злочини відбуваються суцільній тиші фільм справді страшний жорстокий взагалі складається враження документальний моторошніше пива попкорну,0
9552,інтимних сцен нема шо дивитись,0
3101,повне лайно подивився фільм повністю зекономити прочитали відгук дивились фільм фільм тупий затягнутий й елементами дитячого п о взагалі погодився фінансувати,0
120,сурдопереклад якийсь зробили тобто навпаки жесть страшний жорстокий фільм,0
15629,комедія схоже тупе американське кіно,0
2490,україні будинки,0
2491,власне львові,0
1511,фільм годний думав стилі американського пирога фільм оригінальний самісіньких титрів виникало бажання вимкнути сюжетні дири фільмі незначні розумію молодіжне кіно й оцінка,1
1180,ніяк режисеру табло набити лайно українські студенти й витворяють виглядає гидко американські молодіжні типу комедії вечірки знімаються красивих кольорах показується алкоголь дівчата виглядає вульгарно сюжетна лінія додається інтрига якою розпуста виглядає брудно а хотіли а вийшло сюжет лайно ніякої інтриги показали світу українці алкаші censored кожному кроці привселюдно гидота,0
6146,ладно занудою классний фільм знімався кацапської агрессії,1
9504,а фільм класний рівні голівудом re показується алкоголь дівчата виглядає вульгарно судить а ніразу доводилось норм відірватись печалька судити можливо проблему шукати можливо герой фільму говорить год хв,1
8532,сподобався фільм доволі цікавий нетерпінням чекаю продовження,1
6291,фільм сподобавсь режисура погана сюжет гарний а зйомка природи взагалі супер гра кульгала й декорації бюджет же великий фільм вартий перегляду,1
624,дописи цьогорічним блокбастерами ставив а захотілося представляю вийшов би класний фільм пару міліонів,1
271,гарний фільм,1
3,чудовий український фільм реккомендую перегляду гра акторів й спец ефекти рівні х проте цікаво перглядати,1
11,думаю микола васильович подивившись екранізацію залишився задоволений дивився фільм обов язково подивіться,1
4,сильний фільм дивлюся знаходжу щось нове разу думав архетипи українців яскраво продемонстровані фільмі вразило козацька старшина топтала хліб перепелиних ловах ворог головним еліти готові співпрацювати ворогом людей ставилися безправних рабів проблема лишається актуальною понині середній клас сформується таких козак ваиль воїнів пройшли ато знають честь гідність любов батьківщини,1
18101,сильне кіно неспішне спокійне чіпляє ура дивишся одному подиху п с класний опис фільму вперше помічаю копірайтери працюють влучно заманливо описують фільм цікаво кіно виставити обов язково переглядають,1
17498,уже норм,1
10432,шикарне кіно пропустив,1
18100,подумав,1
9592,фільм шедевр актерам браво оцінка із,1
6224,вражає гарна гра,1
5017,офігенський фільм поважаю афлека фільми арго аудитор різні фільмах зіграв відмінно,1
3583,фільм чудовий,1
2604,чекав чогось посереднього увімкнув фона готував вечерю ледь погоріло найкрутіший бойовик участі бена афлека доводилось бачити динамічний цікавою ідеєю,1
15923,якась маячна зоряні війни рулять,0
11267,дурня шкода вітраченого,0
113,гарне продовження франшизи чудовий візуал музика гра акторів цікавий сюжет український дубляж висоті рекомендую перегляду,1
16126,фільм чудовий захваті,1
13090,підтримую delaverty усі пастки замки дверях а момент випадає вікна яке вийти бо грати викликає когнітивний дмсонанс й назва якось назвати важливість гігієни житті грабіжника мийте ноги пограбуванням недоглянуте взуття щось бо сліпий виявив смороду взуття а вразило сліпий чувак тримає підвалі вагітну заручницю зберігав холодильнику коло,0
9117,перше опис відповідає фільму ніяких маси смертельних пасток взагалі нема сліпий дядько валить злодіїв друге фільм сподобався мінімум те якому світлі показані герої зробили злодіїв бідних нещасних мучеників нема ніякого жалю таких людей полізли обкрадати сліпого ветерана й дочка загинула отримали заслугах шкода всі третє фільмі справді прокоментував ishtvan наприклад момент злодій зіткнувся сліпим коридорі сліпий відчув злодії закрились кімнаті другому поверсі говорять вікнах грати а випадає вікна фільм глянути рейтинг завищений,0
8970,якось виправдав очікувань,0
5769,інтригуюче настільки можу даже оцінити фільм,0
18086,угарав почала фігачити,1
17116,аврору розбудив би,1
16589,шедевр,1
13540,гарна космічна казочка чудова гра акторів,1
9096,найкращий із фільмів фантастики,1
8687,ніяких жахів хеловінів вбивств насильства збочинства йєс окрема подяка перекладачам голосам супер,1
6214,доволі кежуал,1
3211,котре переглядаю думка якістне кіно ньому висоті гра акторів режессура графіка гадаю дженніфер лоуренс фільм би вийшов таким яскравим перлина фільмі акторська гра вище всякої пошани й кріс пратт впоровся своєю роллю подобається те режиссер зробив фільмі першу чергу лінію кохання доречна вписується загальний фон характери героїв опрацьовані глядач розуміє поведінку героїв доречи протязі кіно ціково спостерігати фоні таких дешевих дикорацій графіки от передивляюсь друге а третє дивлячись те сюжет пам ятаю одно цікаво передивлятись оцінка,1
2385,взагалі якесь змішане відчуття кінці якось неприємно вийшло прочитати оригінальний сценарій сюжету виходило якось цікавіше розумніше й головні герої такими бездушними nbsp показати приховати текств цій версії гг виходить якимсь покидьком зруйнував одній людині й дівчина кінці якось факто зруйноване бачитиме виродка привіт стокгольмський синдром оригіналі інакше знаю відмовились первісної ідеї цікаво пошукайте інеті оригінальний задум фільму бо ннннну якось стрьомно спробували зробити якусь романтичну фантастику кінці залишається огидне відчуття романтикою цій версії поряд пахне,0
3614,а оригінальним сценарієм,0
3794,оригінальному задумі сцені їдальні система дає збій викидує усіх сплячих пасажирів космос усі гинуть тож якби гг розбудив дівчину вмерла факто випадково рятує кінці фільму корабель прибуває планету із виходить купа людей заселяють новий світ нащадки головних героїв тобто кінці головні герої стають такими адамом євою нової планети цікава аналогія особисто думка вважаю фінал цікавішим отримали кінцевому продукті цікаво дізнатись усі зміни сценарії даю посилання стаття цілком англійською мовою https screenrant com passengers original script ending film,0
5405,й велика купа нащадків лиш людей вийде перше а друге всі близькі родичі наприклад діти аврори джима навряд захотіли створювати ю бо братами сестрами розбудили когось проте вашою версією викинуло космосу борту зробити штучне запліднення,0
17767,загалом описане нічим відрізняється відбулося фільмі якби дівчину розбудили корабель би врятували загинула тобто факто випадково врятували й усіх пасажирів додачу,0
2375,а пробуждення перевiв,0
1655,захваті обов язково перегляду,1
661,цікавий захоплюючий фільм справжніми емоціями й далеке майбутнє захваті,1
347,круте кіно,1
6815,мега нудний затягнутий фільм ньому якийсь глибокий сенс важко розгледіти нудьгу прийшлось фільм потрохи промотувати бо дивитись повністю неможливо оцінка,0
16543,найкращий фільм поплачте задоволення інколи корисно,1
14689,фільм прооостооо дужеееее глибоки повчальним змістом рекомендую,1
9865,рекомендую,1
7956,дууууже сподобався фільм обов язково подивіться,1
5788,неймовірно прекрасний фільм,1
5524,супер фільм улюбленим вілом сміттом рекомендую дивитись носовичками,1
4836,сподобався шикарний фільм наплакалась разом акторами гарний неперевершено грають тексти незвичайні,1
3384,відмінний переклад фільм голівудський,1
2052,переглянула зрозуміла прихоана краса а фільм класний,1
980,непеверевершений фільм дубляж приємно слухати й такій якості отримав массу хороших вражень,1
586,пісня грае запускае доміно с фільма,0
68,акторському складу авторам фыльму створював всим опікувався українським дубляжем глибоко боляче смачно прекрасна стрічкапісля вчорашнього зелена карета том,1
17856,місцями смішне непристойне,0
9116,забагато вульгарності гумор базується непристойностях поліція моралі дитиною кіно подивишся,0
3305,кіношка а от український переклад відпадний,0
13104,щодо перекладу точно,1
17631,називається музика,0
15425,крутий фільм,1
12873,проходняк настільки тупого головного лиходія бачив сцена із ртуттю шедевр,0
7421,фільм супер сподобався подивився рекомендую,1
5375,фільм бомба дивився кінотеатрі прокаті мою думку найкращий фільм франшизи людей ікс,1
4879,класне кіно рекомендую,1
7824,класний фільм щось новеньке,1
6145,улюблений фільм алкаша сцена сподобалась dddd,1
5781,сподобався цікавий сюжет,1
6738,фільм бомбезний актори красавчики ️,1
116,фільм ульот український переклад бомба,1
3589,частина капець страшно,1
1019,фільм поганий закінчення прямим текстом друга частина порадувало,0
3721,цікаво тривожно,0
13487,фільм реально класний реальній історії фільм людину великої літери,1
11523,фільм шикарний напруження відпускає кінця раджу подивитись любителям фільмів катастрофи,1
7044,фільм повний відстій,0
5287,розвеселили портрети розумовського полуботка одному приміщень,1
4995,фільм повна лажа збігається історичними подіями й відчуття перегляді актори роль грають шкільній виставі,0
4980,шкода богдан ступка дожив знімався фільмі сильний український актор найкращий царство небесне,1
4484,враження часи цифрового відео кіноплівка погана,0
3561,чудовий фільм хороші актори гарна сюжетна лінія розвиватись українському кіно розвиватись скажіть художній фільм нагадує виставу кінокритик профі висловлюю суб єктивну думку глядач вистачає чогось фільмі ой вистачає,1
2693,фільм вогнем мечем полякі знімались українці татари а українець грав чаплинського тай польська українським акцентом погано звучить а взагальному вражений українці рівень кіно підняли нема сильних спец ефектів бойовиї сцен голівудської кіностудії,1
1917,фільм непоганий невистачає військових сцен сильно стиснута історія яку годину розтягнути,0
1746,фільмм вартий перегляду пригадування історії цікавий сюжет дививсь захопленням,1
1382,цікавий фільм пишаюсь народилась ладижині відбулась битва батогом великою перемогою,1
825,хороший фільм вразив,1
644,колоритний фільм клас,1
349,фільм серійний,0
350,серіалі серії а повнометражна версія,0
351,серіал поділений частини фільм,0
352,серіал зліплений одну частину фільм,0
191,фільм цікавий раджу подивитись,1
9437,подобається чорний юмор ламання стіни голі груди фільм точно фільм сподобався,1
7352,варто подивитися дедпул реально живе кіно раян рейнольдс шокував прибив пришпенделив бляха своєю грою дубляж монстрезний капець,1
5892,жарт путлера сподоб,1
2019,найкумедніший бойовик евер захоплюючий сюжет якісні ефекти неперевершений гумор раджуусім шанувальникам marvel,1
17497,хрінь вмикаю кіно а серіал якийсь щось глячить сайті,0
4303,одному диханні,1
3836,подобається фільм подобається сайт бо справжній український українськими перекладами гарної якості відео перекладу стосовно реклами зачепило таким чином заробляєте подобається серед фільму вставляєте ідіоти якість рекламної культури наябиш гарно мав фільм дивитись передумав вульгарщина рекламі роздратувала,1
3463,фільм суперський,1
2018,найкраще фентезі бачив останніми роками ідеально сюжет актори персонажі гумор спецефекти музика рівні вартовими галактики усім раджу дивився разівз,1
1394,найкращий фільм коміксам круті ефекти сценарій актори бомба,1
1346,суперовий бомбезний фільм,1
221,доктор стрендж найкраща екранiзайiя комiксiв marvel,1
24,із ох камбербетч фільм цікавий динамічний типовий фантастика бенедикт ролі дивися вдало правильно рекомендую,1
17670,рейтинг imdb такого фільму однозначно занизький отримав неабияке естетичне задоволення а вдвічі приємніше покидьки кацапи окреме,1
8559,чудовий фільм ставлю а головний герой моїх улюблених акторів рекомендую кіно другу частину,1
8570,подивись дензелом фільми розчарують обіцяю,1
8414,вдвічі приємніше покидьки кацапи супер,1
8341,респект режисеру акторам мегареспект адмінам таку прекрасну анотацію фільму d,1
8311,оскара студію а українців щей гетьманську булаву сюжет гра дензел вашингтона неперевершено,1
7207,класний фільм води рекомендую,1
7098,гарний фільм актуальний росії а нашої держави,1
6655,фільм крутий заслуговує продовження,1
6112,шикарний фільм тішить американці гасять москальську мафію,1
6101,хороший фільм рекомендую,1
5607,опис фільму кращий фільм супер,1
5940,двічі приємніше покидьки кацапи,1
3827,гарний фільм анотація чудова невеличка помилка головний герой ветеран марінес а ветеран цру анб,1
1761,хех опис потішив,1
145,фільм крутий речі наступного має друга частина опис окрема подяка молодці робите самостійно а копіюєте перекладаєте написано душі,1
17881,найбільше шкода собаки,0
16171,шикарний фільм,1
15627,такого опису точно подивлюсь кіно,1
12505,фільм супер очікував,1
8141,дивлюсь топ фільм,1
7399,коротко смерть кацапам рівз укроп всі а фільм бомба клласика жанру,1
5951,те відчуття опис фільму реально цікавий,1
5722,опис супер,1
15374,своєрідна фішка нашого сайту,1
5145,супер фільм сюжет картинку акторів справді набір штампів поєднані показані операторська режисерська робота висоті дивишся фільм подих перехватує клас,1
142,одне слово шедевр,1
18132,фільм крутезний дивитися такому перекладі можу ріже слух згадую вартових легенд діда мороза схожому озвучили смішно а тему взагалі,1
9526,переклад балів,1
6010,цікавий динамічний атмосферний фільм звісно казковий усі фільми шпигунів переклад відмінно,1
2322,переклад атмосферний цитата москалику,1
2079,хоть нормальний переклад показали азіров говорить,0
11747,шановний студія продакшн робила переклад азірова подивіться с справжні монстри,0
15880,класний позитивний фільм присвячується опустив руки однозначно перегляду оцінка,1
22,із милішого дракона фільмах зустрічав рекомендую перегляду віковим поколінням гарна добра мила казка,1
18082,мекса завалили маячня,0
9337,фільм затягнутий цілому поганий,0
9202,одним слово неперевершені,1
8757,чудовий фільм,1
7854,о рімейк самураїв раджу подивитися орегінал,1
7526,видовищний вестерн кращих бачив,1
4499,чудовий філь,1
3163,нормуль кіношка колись перегляну однозначно,1
1542,хм ґм хвільмі перестріляли стільки народу ледь зробили наймасовіше вбивство історії сінематографу гґ,0
20,із чудовий вестерн гарна гра акторів,1
